date,occupancy,temperature,humidity,weather_conditions,energy_consumption
2022-01-01,152,16.151175200332887,60.93056891075922,Rainy,145.97319882382675
2022-01-02,485,25.990577646474712,67.63583197788206,Stormy,137.5429139293425
2022-01-03,398,23.83061002746754,37.93025526465368,Cloudy,463.85072777463694
2022-01-04,320,32.754083655166,74.04353795994642,Cloudy,367.68010517523135
2022-01-05,156,22.018300251041573,73.5921763872616,Stormy,431.7147197267022
2022-01-06,121,17.341340328552118,31.462364151727957,Stormy,451.5915601129069
2022-01-07,238,17.859833641056717,71.29083752823814,Sunny,328.70894081932886
2022-01-08,70,30.230212634349446,36.44349337367226,Stormy,306.9785407020165
2022-01-09,152,27.364361266325222,46.75594271295709,Sunny,272.17096412839607
2022-01-10,171,17.022453522455805,67.1754128145804,Rainy,226.77863511644773
2022-01-11,264,16.682136122299948,38.03799480241541,Sunny,273.8383843434847
2022-01-12,380,29.0193826291824,70.8983512059531,Stormy,409.55186229206254
2022-01-13,137,16.45526012728387,71.6067088978871,Stormy,340.76937240605264
2022-01-14,422,31.437201185807126,55.37338668804181,Rainy,457.0093159819384
2022-01-15,149,29.124844543129925,30.319293585841677,Stormy,277.35200575167505
2022-01-16,409,16.626975612837995,44.35190665874564,Stormy,342.8358314875016
2022-01-17,201,16.69675428170384,60.84634591878711,Cloudy,352.5230212367955
2022-01-18,180,34.73279157002351,79.05930890137117,Cloudy,336.67886492253024
2022-01-19,199,22.485415915122406,61.59067635083342,Rainy,381.05350923420656
2022-01-20,358,22.412842941337818,42.99017905320799,Sunny,194.97338734992252
2022-01-21,307,31.25599134515005,61.70028515498056,Cloudy,304.94551101831627
2022-01-22,393,33.94497154767717,56.999268985792774,Sunny,141.68992112333908
2022-01-23,463,34.720021276457416,68.99226975755718,Stormy,253.80453105792503
2022-01-24,343,30.067563705178834,35.34903194134792,Cloudy,295.06682744850576
2022-01-25,435,22.525191710618316,68.05139512510141,Rainy,360.889703818189
2022-01-26,241,16.670014333973377,57.063328933805515,Rainy,480.2124210344814
2022-01-27,493,30.542938318548735,78.14960019294973,Rainy,340.26042661934235
2022-01-28,326,26.1680849947161,47.0936083019343,Cloudy,397.4375664706239
2022-01-29,210,23.484440184939526,61.63109465669741,Sunny,302.5064237980811
2022-01-30,363,33.12708770189472,76.60140527550087,Stormy,353.6416125505325
2022-01-31,71,17.223949646123028,35.12548639953396,Sunny,128.37288645350938
2022-02-01,302,24.852502085817182,76.86142436182256,Sunny,201.7566323367388
2022-02-02,285,15.227072895348382,64.39428611504067,Stormy,244.74123728205547
2022-02-03,394,24.373212839882527,33.39185295525859,Stormy,288.9973420026054
2022-02-04,98,16.126065513636746,45.04817834734081,Cloudy,118.25949820095349
2022-02-05,108,17.376358325361437,65.40860443226407,Cloudy,156.00963902132708
2022-02-06,219,17.350524935542097,33.36753007343859,Cloudy,210.72572311652232
2022-02-07,237,27.984206042321272,59.10852300881366,Cloudy,488.6130763604203
2022-02-08,320,29.920897585308467,47.29415284764784,Cloudy,232.5388028412203
2022-02-09,239,26.667375301943192,61.04577588837385,Stormy,292.816423244833
2022-02-10,495,34.24345096949084,32.28710169062564,Sunny,178.43908509535717
2022-02-11,224,22.49741159047408,73.57684030761882,Cloudy,344.3120284303073
2022-02-12,495,20.714241725637216,78.67444845886985,Cloudy,212.27328620638974
2022-02-13,100,32.3719825637892,78.44389276428458,Sunny,182.7970313753707
2022-02-14,413,19.47191677038905,67.48259158714623,Cloudy,306.62905137839164
2022-02-15,104,34.264450788812226,36.5043120065316,Sunny,102.20231966416833
2022-02-16,293,15.243089493796326,67.91315979645113,Sunny,103.06561305969014
2022-02-17,369,34.397576534152776,31.229345822940076,Stormy,187.6275236407431
2022-02-18,180,15.863198239011522,31.106177576449863,Rainy,114.68854500032846
2022-02-19,356,32.82286227396142,46.18051095747706,Stormy,143.21030165227654
2022-02-20,184,25.554022181725998,54.432159520233284,Rainy,235.54425973550065
2022-02-21,70,34.85929592238601,68.52037089038966,Rainy,421.03427183192514
2022-02-22,378,16.475931294707976,64.16476883032526,Rainy,328.81945734772034
2022-02-23,216,26.077085688026415,52.29513531883742,Cloudy,305.06709038256656
2022-02-24,323,34.38605071238198,43.68133331408329,Stormy,217.39552928324866
2022-02-25,437,25.461956883402976,79.85622500788556,Rainy,472.70148777312653
2022-02-26,138,27.58797276270525,51.309065111798645,Sunny,258.80601649487664
2022-02-27,365,28.914973779692343,52.569351216483774,Cloudy,134.8371067183086
2022-02-28,63,24.090821295355465,38.181191059583455,Stormy,346.8266064471205
2022-03-01,291,27.55116160168127,69.74047743749647,Rainy,145.53535739064057
2022-03-02,314,26.686286238462003,64.68411128907442,Sunny,238.08925712067685
2022-03-03,395,33.02316020981978,41.03848063943802,Stormy,302.9647754871236
2022-03-04,102,15.908927606829158,34.11905228079213,Stormy,449.68900987407034
2022-03-05,435,20.619263791844606,64.02496510373565,Cloudy,297.41863213604745
2022-03-06,389,34.008229681531176,62.72556071405676,Stormy,380.9035064126657
2022-03-07,141,32.80527567781833,43.662976349910466,Cloudy,497.12673559962815
2022-03-08,416,24.11313505571426,77.54317811252051,Rainy,152.59564795919266
2022-03-09,493,27.402651956030734,37.55289458904501,Cloudy,209.89261020780782
2022-03-10,477,20.54762365962265,51.6167400521301,Sunny,257.83043023905856
2022-03-11,313,18.762423194475225,77.18079600837994,Cloudy,268.73127141553255
2022-03-12,480,24.273968098799642,50.986365846306114,Sunny,264.4084301062183
2022-03-13,84,22.067044560521055,61.92629738320428,Cloudy,463.04440102262197
2022-03-14,255,26.67312223701744,49.87971989813971,Stormy,385.61305778674256
2022-03-15,130,16.554692739299696,43.7107601174335,Rainy,343.1620856362815
2022-03-16,469,34.487896153323334,79.19888239799141,Sunny,223.74908714511284
2022-03-17,99,34.72421488959206,50.46670031575215,Cloudy,429.5161536885179
2022-03-18,409,28.963234280394904,74.70496018395673,Cloudy,482.0242045939956
2022-03-19,437,25.72192732688241,41.49773029455431,Cloudy,428.4793130200906
2022-03-20,51,21.190552325726557,40.655235201254165,Stormy,100.62604207658916
2022-03-21,439,31.275900394138972,31.556704144225566,Stormy,354.56054807336284
2022-03-22,103,28.694623451077586,62.58334126879425,Sunny,120.45415257684029
2022-03-23,155,18.252338786897827,48.42631718618806,Sunny,203.04288813348876
2022-03-24,309,33.21854368987685,73.21791249198185,Stormy,123.80988013910867
2022-03-25,359,31.45074485846338,53.66049533457786,Sunny,341.51818117975506
2022-03-26,240,33.99599826583848,78.40967139573608,Rainy,374.6359653970427
2022-03-27,451,29.5143901677672,39.27627578515606,Rainy,145.79505522636205
2022-03-28,267,27.268303918715798,73.43115839778054,Stormy,253.5355532179918
2022-03-29,93,23.364860725812377,68.82984263958708,Sunny,282.49460358221677
2022-03-30,211,33.65456966708027,68.5460922322026,Cloudy,247.62120870436664
2022-03-31,251,32.32127779000817,72.23916140584438,Rainy,148.4100001940772
2022-04-01,495,15.904373402123788,68.05119954714993,Stormy,267.57911607499017
2022-04-02,319,15.52733948994504,61.31101608157077,Sunny,400.47121912336723
2022-04-03,400,22.52926733756099,36.56224388411938,Stormy,128.4030658133022
2022-04-04,353,31.211066615636657,31.626308974562598,Cloudy,132.07200563276137
2022-04-05,320,34.74552258629889,76.04239239078434,Rainy,241.9085167343937
2022-04-06,264,18.008337822070565,60.8325157260369,Stormy,476.69028464757
2022-04-07,301,26.8826143070427,69.82686454880881,Stormy,367.42905868916563
2022-04-08,239,22.61781713262043,54.07611757562751,Stormy,371.4679826690259
2022-04-09,345,34.398287956292066,35.86540944811972,Cloudy,244.767996335146
2022-04-10,262,31.842378462714173,36.259289610127524,Stormy,337.46431648341536
2022-04-11,257,31.766574094222758,64.27826436144858,Cloudy,104.05247361109735
2022-04-12,286,24.373863195899403,51.51529474497313,Cloudy,354.43841856381687
2022-04-13,387,23.296390046753302,40.02623633501683,Cloudy,465.3147790304947
2022-04-14,416,20.468141438614126,54.579727337071844,Rainy,345.0293873379277
2022-04-15,102,16.127509933018544,33.21044685375671,Rainy,449.479437386538
2022-04-16,329,32.29444752510106,59.098570095719936,Stormy,389.5892221864375
2022-04-17,459,31.258020182601552,43.449670221754886,Stormy,148.2233665614761
2022-04-18,266,34.99435346572261,69.87795503185941,Rainy,460.9813229143367
2022-04-19,301,34.93273674147811,45.518097946178685,Sunny,126.57753774230996
2022-04-20,237,26.10863411205255,52.76100745409006,Rainy,313.58698901910554
2022-04-21,429,30.37974830361021,30.581026995405033,Cloudy,156.85484951738306
2022-04-22,90,33.895314597648564,33.62234438972794,Rainy,104.68264429236163
2022-04-23,206,31.99294781354823,49.62467782033424,Cloudy,268.8137040510556
2022-04-24,64,19.94696203486395,53.996941735856176,Stormy,218.01628306166248
2022-04-25,350,24.01088270620187,60.00102740596519,Sunny,294.40019751904117
2022-04-26,114,17.5831883030299,44.58312893546516,Stormy,330.8799546938203
2022-04-27,394,34.08102054517445,64.74909430632712,Cloudy,117.49562892357895
2022-04-28,376,27.123492689017603,73.00611985946023,Cloudy,149.20131804949824
2022-04-29,58,19.572856110069253,68.99254944466749,Cloudy,323.4569585801702
2022-04-30,393,28.434013688117133,31.980941267417858,Sunny,237.2669412690633
2022-05-01,178,27.362564809157917,54.02534736289145,Rainy,391.6693950197792
2022-05-02,185,22.163254360656808,35.246508920908745,Stormy,360.9166594367759
2022-05-03,112,17.27115184399258,42.10225079312637,Stormy,438.2417451959627
2022-05-04,188,28.431463911855992,79.33312966335733,Rainy,376.9971306676901
2022-05-05,130,25.406154018075867,37.12477714507566,Stormy,271.97243095605927
2022-05-06,441,30.446367834712788,54.944407672567806,Sunny,369.18664895777295
2022-05-07,212,25.403270022239866,60.90778671590596,Stormy,210.15246970216742
2022-05-08,468,32.043630006370805,65.12324852720519,Cloudy,222.52539951128506
2022-05-09,338,26.03813677548971,57.982434174345705,Rainy,415.5940639683173
2022-05-10,428,26.218759430707728,30.488542370959184,Sunny,278.5678065606329
2022-05-11,310,32.533072053166904,46.3230654121996,Rainy,419.352136207341
2022-05-12,280,23.06965732424794,55.885582169235576,Sunny,428.96894946731135
2022-05-13,90,17.680304569012815,34.39332495724167,Cloudy,443.0249350645135
2022-05-14,77,15.57565352626678,47.53134656045904,Rainy,466.6540943364829
2022-05-15,184,30.10274511347238,31.660155439568328,Stormy,272.3940882053185
2022-05-16,250,27.406191027069294,33.928924857751035,Sunny,227.54672732845552
2022-05-17,377,29.08159536198447,49.8461638100798,Rainy,332.87949863764555
2022-05-18,317,19.259283230178212,36.63578770215302,Stormy,248.46896937505102
2022-05-19,467,17.727429511735394,58.37704241307791,Rainy,340.4296667200932
2022-05-20,82,15.290893313357639,64.47324845686329,Rainy,382.2343450575298
2022-05-21,97,22.011751176131938,70.02933495545415,Rainy,375.3620073968547
2022-05-22,456,26.79835373709266,40.007512212240506,Sunny,249.82115480804853
2022-05-23,111,22.844880901994646,38.37412911295349,Stormy,166.7440806795011
2022-05-24,265,23.749498440474582,35.228392016720015,Cloudy,272.211735384883
2022-05-25,342,33.08317388987497,61.821512477181834,Sunny,157.0376576327635
2022-05-26,148,21.965109340466007,65.32378632434506,Sunny,456.0388140735233
2022-05-27,221,25.279789783196215,31.579307241282102,Sunny,238.35098429514295
2022-05-28,409,30.67306025482286,76.81061231218449,Cloudy,161.78389888932952
2022-05-29,263,22.930855646425403,32.59856418257362,Stormy,110.17910396230035
2022-05-30,84,27.441734004557468,57.06481676505352,Stormy,358.3289545145937
2022-05-31,498,32.2472741749349,65.45302597254582,Stormy,354.7609269818973
2022-06-01,276,33.990412473152844,73.54845618730428,Rainy,236.24166663251665
2022-06-02,150,17.941469618580758,65.70434660662139,Rainy,128.6847555390604
2022-06-03,480,33.53175250322989,70.08640415348958,Rainy,263.8515579580928
2022-06-04,180,24.842325861590766,46.972509627140305,Cloudy,224.48699802535742
2022-06-05,306,20.164887765979167,70.7412556873256,Rainy,370.8482558940037
2022-06-06,54,24.182715124765224,34.00574231923376,Cloudy,342.31169978107613
2022-06-07,267,34.60065150570954,74.74083280302638,Stormy,245.837491279016
2022-06-08,304,24.85236187985739,57.37961880768681,Rainy,187.15702170199603
2022-06-09,447,21.575032205750162,70.86488849812469,Rainy,495.21438646223675
2022-06-10,408,27.668017086334515,52.615914225915006,Sunny,281.6006484784459
2022-06-11,332,19.802912375563864,62.178884759826246,Cloudy,375.30969431209485
2022-06-12,442,16.51726656217328,56.320133046805665,Stormy,156.2211870313443
2022-06-13,256,17.577594438212984,66.5794760877666,Sunny,294.2358798637591
2022-06-14,64,17.56091677915545,34.08149910152948,Sunny,111.0146879477862
2022-06-15,395,18.038053870245886,33.01760419952819,Stormy,302.18204716417995
2022-06-16,91,17.776543452988204,42.355161700507324,Sunny,485.6069628470809
2022-06-17,429,27.817494896064293,37.97723400565942,Cloudy,253.6826851943201
2022-06-18,228,18.637601687982897,73.58917832961009,Cloudy,115.59840502996464
2022-06-19,112,21.913345666477262,40.960699367902215,Rainy,112.38231636773742
2022-06-20,401,32.935768198120236,78.79326279095656,Sunny,255.19470397874778
2022-06-21,280,24.479232805257446,46.844789588555344,Rainy,164.00997458527763
2022-06-22,290,28.351154770420543,39.10589578443496,Sunny,109.34083853127436
2022-06-23,101,18.446397424032597,69.48492535712396,Cloudy,402.48544558007075
2022-06-24,145,18.845780376173416,62.935388775043805,Cloudy,283.40920355275625
2022-06-25,437,15.817372325329577,54.90978582265695,Cloudy,215.6979087890618
2022-06-26,271,18.37870126144329,57.76817754688156,Sunny,460.0332732065923
2022-06-27,456,20.57180678063917,65.96008891361319,Cloudy,146.45558408021026
2022-06-28,280,18.540209685534936,41.422737066564935,Sunny,482.3675315821277
2022-06-29,286,16.774050675141112,79.8166958028371,Rainy,225.58668695094113
2022-06-30,192,17.412717422012015,78.73965810733915,Sunny,455.3614689234725
2022-07-01,220,24.215575360654515,62.516284317346845,Rainy,341.17715059178465
2022-07-02,78,19.12667436811585,39.97712254645725,Sunny,430.68294389659496
2022-07-03,85,22.28539722096151,64.01141212156458,Rainy,493.6052652841857
2022-07-04,62,25.068345417097138,33.60992044895879,Cloudy,215.3621751274983
2022-07-05,209,28.807896572587307,31.532625110290304,Rainy,484.4541941630372
2022-07-06,376,15.786242796821979,42.884144425560685,Cloudy,255.79275796096815
2022-07-07,236,30.988207978180853,53.131147836965816,Cloudy,254.20476189476892
2022-07-08,292,27.558007789818156,73.41362527041903,Rainy,236.15484170180227
2022-07-09,135,16.635180638977438,66.3584534883154,Sunny,316.56304293903406
2022-07-10,333,32.47157248213554,67.13532605999904,Sunny,161.65801727139484
2022-07-11,115,33.417448010636264,51.274666722403765,Stormy,321.4845941432045
2022-07-12,219,16.221559197097275,47.29674962734815,Sunny,316.6819249640016
2022-07-13,94,20.537552962944076,48.55193814923014,Stormy,404.760725041948
2022-07-14,111,31.124025595861227,79.3824781868029,Sunny,433.45998477503423
2022-07-15,490,29.965193807673167,32.005459570624126,Sunny,276.1765401249696
2022-07-16,183,18.690420387127546,73.35157480612243,Cloudy,220.9332997405975
2022-07-17,333,19.186986466734204,58.93377042861967,Stormy,203.73395892683777
2022-07-18,77,22.40944205582764,51.930770959479524,Sunny,177.84953468194877
2022-07-19,157,24.690459703820427,66.26288302075682,Stormy,123.05903287960996
2022-07-20,93,27.36509543060592,54.33344707123514,Cloudy,236.97919153388534
2022-07-21,389,22.378272791395446,73.67116190408302,Cloudy,208.09907685231332
2022-07-22,335,24.25069432266296,75.03509320056293,Stormy,486.56695434656297
2022-07-23,495,29.94941876267513,51.08604634367277,Cloudy,323.08353050001756
2022-07-24,380,15.733664057811957,43.841389861752575,Rainy,238.910815612203
2022-07-25,177,20.048738886880415,59.617516429668115,Rainy,332.1870403974784
2022-07-26,397,29.26699171769105,75.61816728083454,Cloudy,155.6786805382782
2022-07-27,280,32.904136753743984,40.53310945028333,Rainy,277.61749968088117
2022-07-28,239,25.233548842313322,61.14832917817414,Sunny,350.4937285684255
2022-07-29,274,25.642269705306312,61.57801100462603,Stormy,295.55913271698057
2022-07-30,434,17.14344022679552,66.65565112076405,Sunny,260.7115202617297
2022-07-31,426,23.948247336469095,36.57838425636299,Stormy,497.53935555987925
2022-08-01,332,25.652345329100463,65.79124823410443,Cloudy,452.1259048595708
2022-08-02,495,19.849410072694592,75.45162603328205,Sunny,349.36238326377605
2022-08-03,170,20.38486461898762,38.984155443512094,Cloudy,327.75094447291315
2022-08-04,165,22.545683262092453,41.87716624619388,Cloudy,348.2641919298336
2022-08-05,282,15.401423955554527,78.56975470208198,Stormy,180.52484312897332
2022-08-06,308,21.441583311663564,39.04884763547449,Stormy,258.05509730572743
2022-08-07,408,19.22896013993089,72.71925466847895,Stormy,115.78381315635973
2022-08-08,247,21.54994704355829,54.61389282240174,Sunny,290.21841499473067
2022-08-09,460,17.395242636385024,42.36155372015885,Rainy,317.20983358306523
2022-08-10,186,32.8105456147979,73.53749506362557,Stormy,191.09989444128382
2022-08-11,367,26.871849071080973,52.265262750133274,Stormy,485.6115388662055
2022-08-12,214,28.582046382889793,55.740867696484514,Sunny,463.7818443748968
2022-08-13,274,30.783424772146766,47.96166846998828,Stormy,388.85729418236235
2022-08-14,356,24.968843978581145,59.64754257174637,Sunny,313.35465150614505
2022-08-15,283,16.738405761748474,38.17619362925114,Cloudy,447.98766385907396
2022-08-16,221,25.742130836370954,49.55407683258804,Stormy,152.26093752938516
2022-08-17,201,26.736822360417584,78.47061611676438,Stormy,416.203917709954
2022-08-18,364,29.9087894836866,42.90667163505638,Cloudy,149.92832558673933
2022-08-19,423,23.63319092459359,62.83683322706461,Cloudy,417.68426501976217
2022-08-20,209,17.551606055911275,46.259503211234744,Cloudy,210.30702730054279
2022-08-21,145,20.67551811597449,68.67365628433004,Stormy,450.8362324072756
2022-08-22,282,22.2616459279727,36.54368303591749,Rainy,477.61683753015916
2022-08-23,229,27.918344826632023,78.49105225392724,Rainy,159.51838776204625
2022-08-24,162,26.41556609337824,52.68947706918196,Rainy,285.0702420261574
2022-08-25,367,22.121934517956923,41.8025231673232,Stormy,492.39495126507404
2022-08-26,491,34.730304975859596,33.67483736650063,Cloudy,293.3629743892586
2022-08-27,101,27.115496387137743,38.48789525437704,Stormy,445.41900900581805
2022-08-28,317,19.74453583471989,55.988697427800886,Cloudy,335.49260885252795
2022-08-29,344,17.035649452408073,46.850158821564314,Stormy,250.13196316784075
2022-08-30,435,18.057182783686642,71.44416829413046,Stormy,214.31342221034808
2022-08-31,436,19.919154567690164,51.54437618309029,Cloudy,181.2892364344349
2022-09-01,162,18.213627465191113,42.435713629381496,Rainy,404.7192765510789
2022-09-02,150,18.731340481026116,60.8572493302015,Cloudy,254.61620272921115
2022-09-03,162,20.70190337387694,65.33886084427229,Sunny,304.51018488030047
2022-09-04,489,18.467471905895096,38.35209539504749,Sunny,296.93019200047274
2022-09-05,130,32.935308492528506,38.380960814415886,Cloudy,330.9116116932525
2022-09-06,236,16.604674913232845,31.83357134667715,Stormy,446.23085824982087
2022-09-07,162,25.490227791405093,66.82010075328202,Sunny,492.29573743337176
2022-09-08,51,23.20793653979323,63.190226381090255,Sunny,263.0336834295268
2022-09-09,179,34.647572338172125,53.73154378749069,Stormy,431.0075688425212
2022-09-10,269,17.240778043361047,72.20852244845986,Stormy,405.81111786188706
2022-09-11,103,22.95711198091483,70.28350764750266,Rainy,329.4115805822293
2022-09-12,392,34.389408665507375,59.267718219837604,Stormy,482.41885744477327
2022-09-13,273,32.310142517879605,73.41356402566294,Cloudy,180.18980621136112
2022-09-14,274,31.3414414189856,40.292060501838414,Cloudy,143.70568412384856
2022-09-15,434,20.158056540898798,35.5959809698864,Rainy,441.58478678216886
2022-09-16,452,18.417751747801315,43.48748057584948,Sunny,275.6599266534993
2022-09-17,175,28.37286439848862,32.854342804465745,Sunny,438.7875416828242
2022-09-18,179,33.587519782551716,56.5584764000516,Stormy,457.23608207816596
2022-09-19,102,26.135257860278596,76.83028461474808,Cloudy,124.98303744762858
2022-09-20,221,26.432253789397997,31.967177033425482,Sunny,453.38590519442425
2022-09-21,267,20.599581873205683,36.105495700501336,Rainy,279.32762214776886
2022-09-22,209,30.389858663838737,52.60995141417176,Rainy,304.1729956016929
2022-09-23,247,18.74087497115047,76.69375087639524,Cloudy,350.6370044372841
2022-09-24,465,21.473584728084873,45.807805248837525,Rainy,470.5530426920347
2022-09-25,296,23.508728772328336,55.36174043441962,Rainy,107.64643777190561
2022-09-26,373,25.1522075736891,32.0786429525196,Cloudy,290.73738732712684
2022-09-27,488,19.848194648301604,37.41716004810444,Stormy,375.08881697222427
2022-09-28,252,17.29673649478407,79.33150614794235,Stormy,389.0827830792914
2022-09-29,233,27.21240084883265,78.25593482180227,Rainy,377.0129726148432
2022-09-30,172,20.772611064805115,30.246999046720482,Stormy,153.77405176324874
2022-10-01,450,26.624764428452245,77.59058927116195,Stormy,219.75823534867249
2022-10-02,304,18.087254305484045,61.95599689077502,Rainy,243.4862101668054
2022-10-03,343,24.62280203709635,73.39591472600111,Stormy,421.774883071802
2022-10-04,329,25.651788651031715,52.736992781692955,Rainy,211.50394896582122
2022-10-05,374,16.03647073644854,55.779801428962514,Sunny,184.28198554688126
2022-10-06,421,21.732085563878414,54.44232901284601,Cloudy,482.97920761523847
2022-10-07,147,17.688293538779483,63.34321287730522,Cloudy,103.54531404538756
2022-10-08,247,16.267499409455354,36.98256273781564,Stormy,499.12834227279126
2022-10-09,444,34.7992046477989,31.498679493633897,Stormy,370.7285195429582
2022-10-10,289,21.44707689949446,45.396497079559545,Stormy,431.38771977964683
2022-10-11,193,31.1974889170927,65.23403813683234,Cloudy,217.84775853847725
2022-10-12,146,20.092813095275275,40.09267260614742,Sunny,105.72611106682399
2022-10-13,250,28.630054444478585,63.67162166624587,Sunny,395.14780742461204
2022-10-14,173,30.204557197793733,78.49560230536352,Cloudy,433.6578388002703
2022-10-15,236,26.912774812156886,34.69503578947092,Sunny,396.19045278140766
2022-10-16,375,24.431523771003167,63.630105911256315,Cloudy,157.14011492033544
2022-10-17,398,23.23681828294537,52.187510965228554,Sunny,401.37116890278764
2022-10-18,308,21.977365330859904,73.40711271887527,Rainy,407.5691128430564
2022-10-19,197,33.59058288495652,38.857489472369295,Rainy,363.41620626802194
2022-10-20,301,31.612388155754584,64.63129761130823,Cloudy,406.4463731182345
2022-10-21,492,34.300538213330256,71.90576448240552,Sunny,438.36857587109284
2022-10-22,469,17.485944469710894,77.23071097370116,Stormy,345.4416456949834
2022-10-23,452,29.617349504072884,64.16240141448229,Sunny,135.44188558787164
2022-10-24,395,33.76680913642076,54.858738200421364,Rainy,295.0511238668844
2022-10-25,196,18.6246613233132,60.892362010060694,Rainy,131.059733868642
2022-10-26,197,16.32992534733555,73.44524922393592,Sunny,263.0172124129723
2022-10-27,401,29.82241298580118,58.53048733194149,Sunny,262.84259565025104
2022-10-28,248,26.489462263598238,31.51935298484184,Stormy,126.40393765609663
2022-10-29,357,31.83657553516544,76.54743477534889,Stormy,239.52821358779173
2022-10-30,466,17.79544753252579,64.47633755157806,Sunny,144.39923951652594
2022-10-31,473,30.905346237197804,63.82566928886233,Sunny,423.29408400368885
2022-11-01,177,19.032546400954892,40.78375761988586,Sunny,479.0752103857883
2022-11-02,88,18.27311885731409,62.94427351163286,Sunny,128.92659010317544
2022-11-03,387,18.285315958619858,49.69322028270793,Cloudy,482.0460829166806
2022-11-04,409,31.29149440462764,62.561648852074605,Sunny,309.03063973469807
2022-11-05,178,28.303944413924,35.32965151539953,Stormy,219.82627118154954
2022-11-06,316,25.461308495382386,62.8922652301518,Rainy,130.74483011046541
2022-11-07,490,22.17660968247005,79.97068628853333,Cloudy,300.24970722816715
2022-11-08,483,32.544010816262166,32.4106019430278,Sunny,417.80621779629945
2022-11-09,200,22.84890214845271,78.85870921106587,Rainy,382.83459090667924
2022-11-10,464,31.33198878943154,50.345398036143536,Cloudy,120.09040458558951
2022-11-11,347,23.78269817140437,73.53767251686295,Rainy,129.1607341471614
2022-11-12,148,22.538888588498153,69.11927420291367,Sunny,261.1493130530548
2022-11-13,312,24.25359571339213,58.35081304933339,Sunny,218.1161976191773
2022-11-14,301,21.02755748328284,66.92246046256633,Stormy,192.95372922241913
2022-11-15,193,29.952187603525022,73.92577806506739,Sunny,212.40179956348544
2022-11-16,395,25.054407801849585,50.20701608255165,Sunny,421.39309731875386
2022-11-17,161,19.644253902936345,46.35165807816193,Cloudy,471.69122145274156
2022-11-18,109,32.991491465491364,63.379669278179236,Stormy,262.0410778110266
2022-11-19,418,22.67782442746423,70.39229709706294,Cloudy,462.44440085299885
2022-11-20,51,25.871057222279774,68.11425673883079,Rainy,228.5982804991528
2022-11-21,434,33.12944221929094,69.89068244293173,Sunny,290.57479453751665
2022-11-22,353,27.484759918279842,51.77916574064665,Rainy,190.4115991263999
2022-11-23,303,17.337960814167282,70.89171080875107,Cloudy,356.1904168703376
2022-11-24,189,33.796642472269504,36.01045276853042,Sunny,491.59244606992354
2022-11-25,86,27.554161061428356,57.22445489804248,Sunny,341.39723841735145
2022-11-26,209,21.698112293141723,30.287933024906078,Cloudy,243.12563364541955
2022-11-27,58,17.785441453267744,46.22929149501351,Cloudy,359.12697839621137
2022-11-28,282,30.88050378540592,48.32307674356989,Cloudy,149.16827138615503
2022-11-29,148,27.40145511857027,49.808634580462765,Cloudy,455.4636321061595
2022-11-30,196,25.66922183952643,64.7733603344931,Cloudy,301.23358031193453
2022-12-01,353,32.87785166101915,49.42790506351729,Sunny,279.7398968158568
2022-12-02,257,30.771944224490614,52.43468113112653,Cloudy,334.3459153814077
2022-12-03,180,18.033497594655024,41.87720654371637,Sunny,349.913545115761
2022-12-04,453,21.234441355910967,48.662589581467,Sunny,128.71032249060522
2022-12-05,201,19.969782796289316,41.363481363157575,Cloudy,373.046888489361
2022-12-06,103,29.878925851453538,33.659796188422185,Cloudy,196.77267212621183
2022-12-07,169,15.670648694715588,60.17242966906889,Stormy,385.58105300263594
2022-12-08,210,26.39779369742633,63.410639927750815,Sunny,429.0139177536787
2022-12-09,457,30.24917371481381,60.97451730048073,Cloudy,421.5834030210081
2022-12-10,165,32.53531273523499,53.17470219002862,Cloudy,321.0003869631556
2022-12-11,124,21.841634974318147,48.98928900896149,Cloudy,308.06795692430046
2022-12-12,162,31.425146093440258,73.16668247859127,Stormy,157.1503845357647
2022-12-13,469,17.212634739104146,55.9540892568109,Stormy,410.1384601612542
2022-12-14,471,31.929045834690363,53.95909388148655,Rainy,208.56375217868575
2022-12-15,153,17.54977324663965,31.282103290321785,Sunny,298.67816912717865
2022-12-16,389,22.945745811207345,47.06239138130782,Rainy,213.70963717100668
2022-12-17,303,30.94590731559107,49.00978093929285,Cloudy,153.53134519987725
2022-12-18,276,17.998348546975475,49.94113904484502,Stormy,351.8230787566946
2022-12-19,161,19.58502790465283,59.00861846136661,Stormy,121.73281392916152
2022-12-20,148,29.445051367861325,56.68012733634392,Rainy,399.45809365048
2022-12-21,202,29.400730730921488,60.39525463967223,Stormy,227.03471810444665
2022-12-22,398,27.822952657705947,68.2441630771064,Cloudy,100.05387720179412
2022-12-23,451,28.878968889342,70.64928693580467,Stormy,304.4516556948919
2022-12-24,433,25.854488866951925,65.90615381132471,Rainy,118.74076341104126
2022-12-25,415,20.035981178139053,77.77618479774674,Cloudy,210.46782312835978
2022-12-26,387,21.913919870078388,30.91162913381808,Rainy,382.79059498228645
2022-12-27,243,18.631954336028514,39.788899284177305,Stormy,125.07584864874634
2022-12-28,359,33.169011226672566,30.378143748907107,Rainy,435.73539694240094
2022-12-29,212,26.66783589532241,62.37373570773015,Rainy,101.52796906343325
2022-12-30,257,23.017028335272798,74.90152744749935,Sunny,198.7295476807609
2022-12-31,494,24.240116072882653,42.174114828814965,Stormy,396.3616224608286
2023-01-01,218,33.94566679223631,76.35172723981533,Stormy,226.50805989172272
2023-01-02,210,18.067028062321604,33.01336951447804,Rainy,140.7569552264054
2023-01-03,117,26.724596640335946,76.72180134027572,Sunny,244.09356752017115
2023-01-04,338,25.11777357768932,47.581134361981725,Stormy,208.1573145538102
2023-01-05,447,27.22908470869296,35.07104142246082,Cloudy,437.08476086422195
2023-01-06,326,15.36220367641681,54.293587959316284,Rainy,225.33916703405725
2023-01-07,353,32.44247817888303,42.8388283860254,Stormy,415.5729887104029
2023-01-08,453,33.64236564967224,44.24364509809614,Cloudy,456.7488579242939
2023-01-09,433,26.30266367178418,45.36449824631433,Stormy,273.52696783061185
2023-01-10,441,28.933016477537844,70.15129489163317,Cloudy,463.9772575417568
2023-01-11,184,33.449987623545915,56.95806383376272,Rainy,250.92722158527715
2023-01-12,244,29.14477268626797,45.565384957800184,Stormy,485.6313665960433
2023-01-13,450,18.050780858285226,60.51668916554592,Stormy,135.7158098102292
2023-01-14,177,26.525767203336265,65.80753371115968,Sunny,374.80770660129707
2023-01-15,82,27.13430092765712,43.63120003667669,Rainy,297.5256161827715
2023-01-16,225,23.48261342604772,50.67745507626758,Cloudy,255.05952218225883
2023-01-17,492,29.728884712494455,36.09430466684738,Stormy,353.08475149944036
2023-01-18,420,33.687340295380295,39.05746747673402,Stormy,381.5428366537325
2023-01-19,424,33.51137025813553,64.05589269824914,Cloudy,101.74530786012363
2023-01-20,71,24.016787428082644,39.071917384781344,Rainy,166.78123549887948
2023-01-21,287,17.264760916815106,56.258169183353004,Sunny,385.21842025372746
2023-01-22,207,34.69682397924669,65.45231308612163,Sunny,366.55416543128257
2023-01-23,87,31.777961728918683,35.34384615473719,Stormy,486.4190020514709
2023-01-24,279,17.493253624065336,58.36561098144517,Cloudy,404.4151161003132
2023-01-25,414,33.416837652347446,42.82813918506819,Stormy,480.3090830925352
2023-01-26,100,32.39792724124257,78.146343761879,Cloudy,381.01620061392276
2023-01-27,487,25.376761142521442,54.17728233599624,Sunny,219.22088345577725
2023-01-28,313,26.825508714898586,70.2996274887579,Rainy,142.14596890034258
2023-01-29,332,22.980054077402606,57.51132710781309,Cloudy,412.72954533797423
2023-01-30,76,16.095232776440625,32.170626642740956,Sunny,357.6596885903664
2023-01-31,275,21.70394483291802,61.657568779701116,Stormy,119.2744049573185
2023-02-01,326,31.057068971960227,77.57016711033285,Cloudy,244.02018636039134
2023-02-02,335,15.092640460092056,60.080591007316556,Rainy,482.71992619371446
2023-02-03,146,21.669983433822885,70.95944297133951,Stormy,300.1604582840805
2023-02-04,333,22.963373871818867,74.2103231674204,Stormy,273.09165440788183
2023-02-05,416,25.74791205875846,41.40398859744663,Sunny,283.0798420637176
2023-02-06,497,33.39711232825521,40.60224199541133,Cloudy,183.55308960206548
2023-02-07,366,21.926919887319226,60.54904944254959,Stormy,247.4828683459181
2023-02-08,353,21.939064037924553,50.55142349033524,Rainy,247.92530239487064
2023-02-09,196,29.750024962194967,71.99306514333603,Cloudy,120.94200807498896
2023-02-10,53,24.044358817796144,75.00115616990055,Rainy,407.0270514071673
2023-02-11,84,19.49209645879964,47.6710689651359,Stormy,266.6017727615516
2023-02-12,241,24.04879032265387,41.8435279487241,Rainy,428.8719547265693
2023-02-13,98,17.817140407595996,69.0262757621931,Sunny,440.13920044795816
2023-02-14,66,18.527739730124466,43.740301777406806,Rainy,184.79762187946324
2023-02-15,221,24.967355454789594,71.13071592568392,Cloudy,362.9413928680514
2023-02-16,269,23.378508990090957,51.18691268243814,Rainy,288.9127216651927
2023-02-17,207,33.296918021362,63.37749496457352,Rainy,452.062695168594
2023-02-18,95,22.24787798233266,34.77676569173341,Sunny,186.29627167058163
2023-02-19,422,26.61176700556087,61.19296623382865,Rainy,371.1252801240177
2023-02-20,55,27.645285758390607,52.588383936861455,Rainy,343.100848901089
2023-02-21,148,15.261889131766672,59.330423158773705,Stormy,218.12059102873312
2023-02-22,429,28.270747440334212,38.40071038724317,Stormy,154.64036146046905
2023-02-23,282,18.560719337395028,66.8436872472091,Cloudy,360.65590419091063
2023-02-24,86,34.2214063493891,73.13985387716143,Stormy,395.4389832529323
2023-02-25,329,17.973254555062258,40.836990004538784,Stormy,226.25093750534
2023-02-26,398,23.292482474540474,34.78572777600809,Stormy,357.9330416089255
2023-02-27,351,16.706993361572877,31.18192930231682,Stormy,258.0523630446013
2023-02-28,230,34.93748503691894,62.0985750221633,Sunny,385.28275331304707
2023-03-01,144,25.04390020662485,60.35470180443904,Stormy,179.68610995762123
2023-03-02,148,26.907700346400876,57.3348706357035,Sunny,456.08600105446976
2023-03-03,237,16.34152954776855,41.59735480579877,Sunny,214.96383858623187
2023-03-04,165,29.999209407983557,49.54529979527574,Stormy,247.11439510246117
2023-03-05,240,19.198111861911716,59.72381675930865,Rainy,123.23678083213991
2023-03-06,302,32.96108578881427,54.83834294295847,Sunny,144.60488492851056
2023-03-07,465,19.102792809640142,79.38927601074437,Rainy,306.34476108493124
2023-03-08,210,18.81375441327333,36.821987627836656,Rainy,207.0370706911886
2023-03-09,305,15.730993356961898,64.75722770237968,Stormy,434.1920902968778
2023-03-10,372,24.441338902199984,50.21593840521461,Cloudy,105.87735546198154
2023-03-11,177,26.29682266525233,51.40998074628074,Stormy,251.6376194687745
2023-03-12,67,16.31417278856705,65.87988828290881,Cloudy,234.93821870763708
2023-03-13,330,30.51055233390021,64.62180756621848,Cloudy,107.73105236704042
2023-03-14,272,24.065776694960554,79.56279968510941,Stormy,149.7473596002041
2023-03-15,103,25.4878053865516,36.41971447270626,Stormy,265.4570699674541
2023-03-16,107,23.81525493876456,35.20548246920832,Cloudy,297.1458337789786
2023-03-17,372,23.01526121750652,66.21694085643705,Stormy,261.71589890194764
2023-03-18,409,26.19280662616436,58.919345850320454,Cloudy,312.37507136483754
2023-03-19,223,18.10480491861425,43.70803332799029,Rainy,338.0526699622726
2023-03-20,329,18.63856260990542,33.97096844944933,Stormy,103.96952845113425
2023-03-21,163,32.235712420270346,34.282912479821526,Rainy,285.63806378140157
2023-03-22,337,33.922309242672654,74.70954373320592,Sunny,485.3996963550353
2023-03-23,480,22.46618632559506,39.59336623593715,Rainy,307.6129120518195
2023-03-24,391,20.414893462871078,46.168578105776035,Rainy,371.0169069835813
2023-03-25,200,27.879990864780314,41.3328201113494,Cloudy,224.7455431667533
2023-03-26,499,23.17468342196193,47.74981529159686,Rainy,409.596551261105
2023-03-27,176,15.507727113206897,33.47119213730467,Stormy,409.168592750446
2023-03-28,204,18.12305194732381,55.952989545413516,Cloudy,308.51841906165555
2023-03-29,435,29.31944457694795,33.380628179610746,Sunny,490.4055293116854
2023-03-30,322,28.178478838203027,70.01782539111808,Stormy,150.22008590506135
2023-03-31,153,15.54191985006967,41.685604095521654,Sunny,106.7790659558324
2023-04-01,466,19.43944323865899,57.00059573022553,Rainy,408.0632847028384
2023-04-02,442,19.62149593176143,74.0039543780729,Stormy,422.86221494595304
2023-04-03,348,28.43785487197457,62.54386845235971,Stormy,148.0828916482305
2023-04-04,295,15.394210755087283,56.647889327566766,Sunny,206.23313318344242
2023-04-05,225,17.082171639691477,46.21668765576878,Stormy,107.02094534665156
2023-04-06,88,30.998321707463788,46.6500956529099,Stormy,217.3234443122259
2023-04-07,219,18.570893241086672,63.474347759909506,Stormy,409.2567495674686
2023-04-08,296,28.054922157037495,79.70696806105838,Rainy,307.18421108503156
2023-04-09,75,19.76365562093453,63.09195949246893,Sunny,239.23823726731524
2023-04-10,404,16.988827855186905,57.889170868501246,Stormy,248.69571796253211
2023-04-11,355,19.86344381998908,66.5325255119623,Cloudy,100.54145028618726
2023-04-12,458,29.44533863711318,53.26028061418591,Cloudy,219.92021102609436
2023-04-13,457,32.11392936212572,33.00711713003926,Cloudy,358.5834966551722
2023-04-14,62,31.604397291339833,58.11484079389549,Cloudy,489.67777752654285
2023-04-15,365,22.943670592369095,77.881264225269,Rainy,438.8243307935598
2023-04-16,440,28.361702731412922,38.76514711788298,Stormy,109.43798585821165
2023-04-17,362,19.09968590831642,64.50024454103328,Sunny,459.4242418699357
2023-04-18,85,20.862954605220267,40.04668443295282,Stormy,413.2793653194504
2023-04-19,222,32.9267163704224,56.79138422365406,Rainy,412.15044942839216
2023-04-20,69,15.26003847021472,34.83382248233598,Cloudy,283.1983036014286
2023-04-21,370,16.71017061708936,52.51854681290926,Rainy,259.2021171818011
2023-04-22,313,19.157725102920544,67.8081664447623,Stormy,221.16629153327705
2023-04-23,449,15.530644077476394,47.3785762119491,Sunny,126.27794358174631
2023-04-24,191,18.628708701795947,63.2455862243609,Rainy,191.29414539747964
2023-04-25,420,26.66083121939384,69.77249803948646,Sunny,198.64145399120986
2023-04-26,192,23.428491011849957,76.35889097397263,Rainy,293.63082788408065
2023-04-27,141,32.8534342215395,41.73210409277267,Sunny,398.9777626386776
2023-04-28,403,31.34887123476882,49.96579579046541,Sunny,289.5239313591786
2023-04-29,371,21.83634703395752,37.62080066652087,Cloudy,123.13777977886424
2023-04-30,337,20.188468668625852,79.62417510791876,Sunny,483.11592039528153
2023-05-01,264,22.59384816334534,76.35004839621476,Cloudy,477.0897276376449
2023-05-02,496,26.805898850296153,56.99785651402798,Stormy,414.07581725936336
2023-05-03,391,20.361272816457525,72.10166471882107,Stormy,496.53116062568824
2023-05-04,100,27.482978156982682,56.047898863602114,Cloudy,317.7929331201052
2023-05-05,202,23.18823304382481,61.17928440013799,Cloudy,485.10734010128243
2023-05-06,235,26.040943617039606,34.456221605800835,Rainy,130.2420162467003
2023-05-07,112,23.722530582706334,67.7635210248404,Rainy,246.27229930454854
2023-05-08,239,20.889315190838353,36.38567418176174,Rainy,190.15250720270632
2023-05-09,174,33.96906613924313,71.30338151262642,Stormy,178.33323365370802
2023-05-10,199,30.272115883195216,69.1014043835193,Rainy,156.32117955707042
2023-05-11,363,17.802263515329052,65.43723488714882,Sunny,348.9654566263987
2023-05-12,107,32.36935951795826,31.808019026238107,Sunny,412.528742298922
2023-05-13,391,24.748623964990273,45.15641779726643,Rainy,331.3193597681443
2023-05-14,354,32.891044537881825,43.155628495542146,Sunny,158.78508383528387
2023-05-15,229,30.997105118946305,48.006820373575955,Stormy,424.44950797338834
2023-05-16,219,23.50427008938467,34.382137338191924,Sunny,354.38188286549143
2023-05-17,375,15.449386166402348,76.84789115155314,Stormy,255.2662824507982
2023-05-18,320,20.37354718769892,57.69011203561881,Cloudy,369.6521182144252
2023-05-19,103,25.83268429321734,45.276215532901176,Cloudy,203.96199169713316
2023-05-20,493,27.669564396522944,49.84907585371417,Cloudy,238.0768833976842
2023-05-21,150,20.157753708664046,52.36012702524178,Cloudy,466.9943372527961
2023-05-22,313,17.78712148145648,60.029716668030865,Sunny,216.20180226856814
2023-05-23,102,31.69860473598598,55.78397138482489,Rainy,287.99530726317465
2023-05-24,109,34.68804361407104,75.96959866072086,Sunny,456.0564549584059
2023-05-25,157,25.513803646053717,54.84817414529151,Stormy,383.088540107011
2023-05-26,54,18.43358571696607,79.60790074116564,Sunny,124.88129046588111
2023-05-27,152,20.44614653038738,72.57124788725478,Sunny,158.92121771158813
2023-05-28,245,15.367813530949334,40.42552571786679,Stormy,103.13663630876673
2023-05-29,311,33.28597613120998,76.52976073219581,Cloudy,352.36871609166536
2023-05-30,414,17.355021657802823,35.818319894273806,Cloudy,279.06937016416737
2023-05-31,421,26.53032951028507,70.87248542455958,Cloudy,153.7099403609102
2023-06-01,399,20.48110441374412,49.031164673829004,Rainy,483.1736484227082
2023-06-02,96,26.083560050315867,73.89871602225347,Stormy,311.86388957824795
2023-06-03,404,28.028407767037287,73.40283450537251,Stormy,196.75731764515567
2023-06-04,360,31.594836074144034,70.29627000588106,Sunny,300.24142846188306
2023-06-05,473,19.128425435212066,69.50152181535307,Rainy,371.84813309404313
2023-06-06,357,15.219916573169609,45.23395695490204,Cloudy,130.49568718942578
2023-06-07,193,17.737712601376145,34.04596415256261,Rainy,209.8815260191568
2023-06-08,318,33.0003728369621,50.14900893825808,Stormy,422.78619635359746
2023-06-09,419,32.47780155125031,38.67622574932543,Stormy,283.86594816106447
2023-06-10,173,26.948262043406167,64.74755444512309,Sunny,318.63085681291795
2023-06-11,155,27.010337208673068,47.30498632688928,Sunny,273.1264008837877
2023-06-12,207,28.30073349092511,78.78051004299574,Stormy,117.55997705720205
2023-06-13,196,18.507425572468993,62.0486038672666,Cloudy,166.2999119280624
2023-06-14,194,33.2882389184992,71.12402818171805,Cloudy,278.21665549675635
2023-06-15,169,23.375410497841465,36.62623363709242,Rainy,183.67418616317113
2023-06-16,368,22.66277056498995,73.10072411363113,Stormy,119.9916114638715
2023-06-17,324,25.37835410565675,76.13785952566971,Stormy,437.4598656207295
2023-06-18,141,15.9393193355011,54.353095940946794,Cloudy,492.47701166564633
2023-06-19,107,18.32566737512159,60.31264688754887,Cloudy,417.2571495986958
2023-06-20,488,29.76067232852741,68.24049004514977,Stormy,441.5139686818668
2023-06-21,395,16.65597335850253,38.741931363020626,Sunny,196.79085212681815
2023-06-22,278,27.063042189327764,55.12830382317212,Stormy,484.2507902052799
2023-06-23,166,19.90698219362642,49.933151388615656,Stormy,178.77028178137135
2023-06-24,367,22.785912280839533,37.31869960811245,Cloudy,480.5719241447329
2023-06-25,328,20.773874735413997,48.37672111457657,Cloudy,497.9277175863804
2023-06-26,176,22.113454329298982,33.40861546927468,Sunny,384.6891222984195
2023-06-27,442,29.38091810368491,31.290595347474348,Sunny,492.4574927167288
2023-06-28,445,20.9424343124635,36.758314457741136,Rainy,327.81591182684144
2023-06-29,178,26.328092805937942,78.15575557945868,Stormy,203.81671327043614
2023-06-30,107,24.521008043981993,57.47647679475085,Cloudy,274.79835426624834
2023-07-01,171,28.273423307252962,78.291108057661,Sunny,337.42437415151437
2023-07-02,50,33.73659478649516,51.6248939165066,Rainy,129.232624810806
2023-07-03,288,29.651441944205004,45.59080665426298,Rainy,348.9373058468984
2023-07-04,339,19.298807571815136,55.30709314201221,Cloudy,492.4711347049178
2023-07-05,145,15.623662701225694,51.9755844316455,Cloudy,176.04305991349105
2023-07-06,175,20.2452808859965,35.2832342130872,Rainy,417.0380465153533
2023-07-07,167,26.901558614005097,62.04131573451031,Sunny,463.15951751184775
2023-07-08,97,16.028516269685007,40.80190912547998,Rainy,477.48063712808835
2023-07-09,138,24.927324944024726,60.97939774489148,Stormy,484.0542417621789
2023-07-10,286,26.936856978337786,62.51005461990767,Stormy,308.58385548858877
2023-07-11,422,21.684877816339217,37.601242656432404,Cloudy,490.9231631966015
2023-07-12,434,30.418244074916437,33.06748135553341,Sunny,402.92408285377553
2023-07-13,321,17.131965062675437,69.038079303422,Sunny,164.66857449478476
2023-07-14,238,16.502755634716173,52.99002118846601,Stormy,290.76004258718797
2023-07-15,241,29.563775124072066,32.90818977527379,Rainy,387.3324701488016
2023-07-16,496,24.90982632412397,79.74331585848836,Cloudy,198.93612632763333
2023-07-17,118,28.768047928554722,32.88902804981833,Rainy,356.24607341955493
2023-07-18,327,23.696546772074925,64.75176144292766,Rainy,366.6401916186477
2023-07-19,398,19.928040664782138,79.18394626317068,Rainy,165.07989752342635
2023-07-20,296,31.382046353483993,41.95900521079628,Sunny,326.03412498110254
2023-07-21,125,30.988317579379583,37.11246843435981,Stormy,408.6507643914431
2023-07-22,203,28.893929417088536,36.069246971121444,Sunny,299.5582658143768
2023-07-23,193,20.44290274459925,45.16375737837978,Stormy,104.84124671044297
2023-07-24,484,26.804613337381742,35.052290550532334,Cloudy,103.61538763171687
2023-07-25,135,22.219477938800537,64.60806708470659,Cloudy,242.81173758800486
2023-07-26,234,16.831641466532684,33.114589906503134,Rainy,470.4776273727128
2023-07-27,334,33.34627150924486,55.471106407489486,Stormy,191.47071184144352
2023-07-28,269,17.736372618379228,79.83484269264883,Stormy,353.74547554867485
2023-07-29,118,34.00474707641605,70.69851347530094,Stormy,188.83034827732823
2023-07-30,96,23.920115459159113,60.76097191155054,Rainy,228.66799586381944
2023-07-31,143,18.702658576772393,45.312681039330585,Rainy,439.2168358405936
2023-08-01,287,25.838018947567164,61.19479181458192,Cloudy,391.54457690797875
2023-08-02,495,32.45891671752817,56.35207319558258,Sunny,138.15971092528426
2023-08-03,253,29.644497728191226,51.30416919451858,Stormy,271.48080839457344
2023-08-04,449,31.131222957228996,36.535518837009974,Stormy,111.66790545810579
2023-08-05,267,28.175667334214346,74.33021076202334,Sunny,292.3560586412036
2023-08-06,481,28.84553129035705,52.48923244106612,Stormy,364.97360468042723
2023-08-07,390,31.983913031306386,39.73112559103825,Rainy,147.40104943926062
2023-08-08,88,19.993360177183717,48.38796754386448,Rainy,215.55397556366626
2023-08-09,149,24.788499272862808,50.706487626446346,Stormy,259.1346502008628
2023-08-10,338,19.424188836392045,71.37689477834371,Rainy,467.8124098624199
2023-08-11,303,34.75336015993294,66.6807190280701,Rainy,497.30200616918563
2023-08-12,271,33.88118679373227,68.46524468206698,Stormy,117.96451959824634
2023-08-13,406,15.788536227370118,30.55156322143236,Cloudy,404.4031693981568
2023-08-14,72,29.11150345031377,50.80769990898808,Sunny,248.68962656093728
2023-08-15,299,33.50496634831332,54.06720758176618,Rainy,256.98327449179203
2023-08-16,59,18.611506902546672,30.959613841152834,Cloudy,401.7059893388091
2023-08-17,295,26.358904611052587,42.99066043725171,Rainy,467.3705728581635
2023-08-18,374,33.30976595176084,68.01449115610674,Rainy,480.37143780101934
2023-08-19,149,15.678919571715976,36.855485286449955,Sunny,330.84903441532833
2023-08-20,339,28.9484053449368,56.76550657262958,Rainy,242.84846372020112
2023-08-21,229,20.946980147451015,40.76009360086188,Sunny,415.0196343435117
2023-08-22,272,33.48792390753061,30.606038732194662,Sunny,200.4005533049201
2023-08-23,443,34.42116490330736,42.06007287997707,Sunny,325.6296115334071
2023-08-24,299,33.88532978226868,78.7936877455027,Cloudy,243.43138460994928
2023-08-25,196,24.484284333149276,70.07685559414948,Stormy,362.65242948315046
2023-08-26,491,32.24085301978627,77.97883221605167,Cloudy,196.15956515740277
2023-08-27,145,31.890987970701406,54.392702196318126,Stormy,176.6371782939303
2023-08-28,306,21.382009464865114,35.48680993387518,Stormy,467.2956346701748
2023-08-29,374,31.57830948301355,57.39797444868465,Sunny,140.72147317981475
2023-08-30,53,15.740152694309852,52.71886672799805,Rainy,302.38316309397266
2023-08-31,65,26.92539756964106,72.2178541369808,Sunny,188.34111318520357
2023-09-01,329,19.600176745754062,34.90412903921223,Rainy,115.57198533026698
2023-09-02,385,17.411337715545578,54.412056851088906,Stormy,114.40752731657055
2023-09-03,296,16.539064032584182,37.50243323469921,Sunny,170.08870884233093
2023-09-04,307,28.925775517562794,46.233796344503,Rainy,446.7081418024001
2023-09-05,433,21.797499275361325,66.86785386938999,Cloudy,212.99149759081067
2023-09-06,209,29.49533543057523,53.80090646843833,Rainy,480.1836682301183
2023-09-07,389,16.307126815978847,48.794414257288466,Sunny,332.6489171956774
2023-09-08,201,21.305806756612206,49.72381392850177,Cloudy,274.6456759075064
2023-09-09,445,25.789825847506744,52.97233842029933,Rainy,332.03553386778185
2023-09-10,227,30.814463296779273,69.25082719185284,Rainy,306.6793540905071
2023-09-11,212,21.3750500586414,74.60423444701172,Rainy,403.5105015029301
2023-09-12,429,27.51782752874018,77.76673432519641,Rainy,212.9984263891409
2023-09-13,82,32.71955496472374,69.34516931276475,Rainy,241.22015664012096
2023-09-14,466,27.31726376364609,45.77034478740064,Cloudy,457.6377210133003
2023-09-15,494,19.659189495072674,64.4067353043271,Stormy,478.5826052601622
2023-09-16,228,15.48801563113076,51.8801562027696,Cloudy,457.0232909945898
2023-09-17,476,32.401977478018594,42.73353110230256,Cloudy,267.77919758292546
2023-09-18,150,15.425388217007743,72.04357897129613,Cloudy,412.14620120275265
2023-09-19,317,32.49403345368399,31.92131744811625,Stormy,290.53429332043953
2023-09-20,372,25.578742680544238,75.08809960677118,Sunny,299.0159408584409
2023-09-21,114,33.781353970257925,53.0738732312367,Stormy,181.87204362291357
2023-09-22,466,30.975664715473307,61.86007384041402,Cloudy,336.45212130340656
2023-09-23,217,34.95868221066675,62.96769611028913,Rainy,174.45435910133918
2023-09-24,379,22.014236309034203,74.75588703532682,Rainy,232.62587962687752
2023-09-25,92,30.34376577862254,61.833484108360366,Cloudy,442.0120806479741
2023-09-26,93,23.03861827218484,60.696679238003085,Rainy,182.8303236843421
2023-09-27,334,24.597512406078177,33.3326020280345,Cloudy,128.46331406937313
2023-09-28,446,27.5501092643674,55.9204010972602,Rainy,127.60303704512651
2023-09-29,61,32.47354228372677,37.50845004085208,Stormy,476.31380820124315
2023-09-30,144,34.681669383985906,66.87168843607428,Sunny,302.7681751847339
2023-10-01,351,30.365468277290365,55.611096040633726,Sunny,263.7648287268073
2023-10-02,435,23.355335643346677,64.01138896041766,Stormy,424.3514324031674
2023-10-03,302,23.427140045541403,32.083645030119214,Stormy,434.3303711642064
2023-10-04,291,29.75164603177783,34.23960080229016,Cloudy,232.87641324624184
2023-10-05,84,19.775542915366046,65.81616940313411,Cloudy,377.4472229895181
2023-10-06,264,17.209482262627894,33.60421679993367,Cloudy,408.4491263407546
2023-10-07,386,22.09244315281553,33.56283638826293,Rainy,361.86027474638183
2023-10-08,139,20.744779833081637,30.605423761744373,Cloudy,160.63802992003974
2023-10-09,313,20.9261624091198,77.82506991497401,Stormy,450.3532334068228
2023-10-10,142,19.672155020998197,66.87541797295034,Sunny,315.6378210944035
2023-10-11,459,15.841863792727239,47.66257042510321,Rainy,212.98897054800148
2023-10-12,139,15.357478694668277,44.82677906438276,Cloudy,270.09127417507756
2023-10-13,467,34.75444779472063,47.48516148729247,Rainy,115.02843615956296
2023-10-14,164,23.555462674717248,68.73267655905909,Rainy,151.14672048896702
2023-10-15,154,22.686532943193633,63.068530553520716,Cloudy,406.21870020634435
2023-10-16,440,28.5929456538614,39.259778393373395,Rainy,100.00465390214646
2023-10-17,245,19.365077757301282,38.70546676670422,Sunny,266.6263313929169
2023-10-18,363,33.99922367900451,34.91978248566986,Stormy,309.00407243423535
2023-10-19,163,30.726900288311043,63.015135985066905,Stormy,121.85376800038892
2023-10-20,124,16.78822004624519,68.2186331110868,Sunny,489.23126518893315
2023-10-21,462,23.35161551569857,43.2523214162502,Rainy,190.45013249986877
2023-10-22,425,32.58236615124329,31.04724805154564,Cloudy,221.67948785451233
2023-10-23,469,33.8946404458282,34.10858337382137,Rainy,221.5770049020109
2023-10-24,266,24.348030224997395,78.39300174225153,Sunny,192.16666484693997
2023-10-25,326,27.268227784214154,44.77223887387101,Rainy,100.58952883452457
2023-10-26,298,18.340678921841505,68.46115739190668,Stormy,391.7379176351985
2023-10-27,213,34.82337252273953,61.23317844271319,Rainy,486.73819991971413
2023-10-28,443,19.63343402766887,49.09698198264479,Sunny,189.717393314018
2023-10-29,406,33.85463548270251,40.28436310977776,Stormy,365.218876721369
2023-10-30,457,27.992932979847367,36.06932090797032,Rainy,396.75853078348604
2023-10-31,241,27.154735897577183,60.75064840194333,Rainy,439.37015163620987
2023-11-01,276,25.25377022033017,68.7316890318894,Stormy,269.05167880544366
2023-11-02,226,19.61339623435517,62.19521267705653,Cloudy,221.1723622561717
2023-11-03,148,18.530560640110167,56.51510666245792,Stormy,230.11805360921244
2023-11-04,85,19.409724181403508,32.097561171581816,Cloudy,385.0485332394051
2023-11-05,145,18.72876524288509,78.42443887971919,Sunny,426.7117866022544
2023-11-06,201,30.591689471335066,69.93570958272872,Sunny,172.64558710264106
2023-11-07,200,22.002505183334602,44.64110183504824,Stormy,248.37640326310608
2023-11-08,239,16.156853531267927,78.99851646794252,Stormy,460.77607869966005
2023-11-09,273,34.38205260281623,60.09407948181611,Sunny,422.6774078778957
2023-11-10,86,32.67571769926852,59.12113291036232,Cloudy,493.94336110499034
2023-11-11,317,33.55504566390426,67.4036589714766,Sunny,401.6993038728323
2023-11-12,418,34.8981564529287,70.58848940450687,Stormy,257.2780804111689
2023-11-13,232,18.477904984389745,62.823930366575134,Sunny,336.2551335978551
2023-11-14,62,22.924840378053176,36.40478731831,Stormy,364.4057016989281
2023-11-15,328,30.164769514081826,46.91337529972492,Stormy,131.38232652684957
2023-11-16,266,28.920412361075844,76.40418201630249,Sunny,317.79878364154604
2023-11-17,404,18.0779181267971,41.230780592192595,Cloudy,383.72833138904383
2023-11-18,410,31.316662499812356,48.60835119187567,Rainy,166.92852160042415
2023-11-19,335,19.488811436733215,51.6038441472098,Sunny,412.25268697022284
2023-11-20,322,19.47635229645246,51.97024948472261,Rainy,333.50911220564467
2023-11-21,418,25.73948845786827,60.64697912472627,Sunny,480.88871427903786
2023-11-22,111,26.858798696834064,77.15379188723537,Rainy,116.96891928275667
2023-11-23,133,26.601724156756223,42.034635591625246,Cloudy,206.1304550221868
2023-11-24,417,16.829736747955096,36.0750688150459,Cloudy,340.62155171992964
2023-11-25,266,32.549217252607605,39.873524492996864,Sunny,218.62396488237226
2023-11-26,391,20.312000851774123,74.34624501046348,Stormy,385.7696656284969
2023-11-27,446,17.590298425656083,62.2905406327603,Rainy,403.6021130087724
2023-11-28,236,32.774961597379544,44.29533946195801,Stormy,141.00638562658978
2023-11-29,68,34.11302996459507,70.79734694843086,Stormy,305.5417856827071
2023-11-30,226,32.24255234530901,73.0684998181718,Stormy,303.55622223642234
2023-12-01,149,31.19032149449756,72.3257169345139,Cloudy,247.71230808621644
2023-12-02,445,28.104839612780435,75.94632668197772,Sunny,473.16994502786883
2023-12-03,494,26.017147412182787,42.612051008668075,Sunny,431.0025279492885
2023-12-04,282,16.739735198228203,67.75209643731392,Cloudy,378.8837527638547
2023-12-05,452,23.169064261413972,53.026974863707,Cloudy,385.730654293999
2023-12-06,125,22.45377034024628,72.09992764450308,Sunny,284.68645752524765
2023-12-07,314,20.195075675206525,66.42453385808065,Stormy,468.39780843863036
2023-12-08,333,29.468402273771698,68.82237232498623,Rainy,377.83817090131413
2023-12-09,255,24.917514701575417,62.808091884053574,Rainy,391.59242466232655
2023-12-10,272,16.62092431815296,38.87143847348534,Rainy,444.6763615149381
2023-12-11,433,19.403664038996226,57.25134594484692,Stormy,209.6286357368764
2023-12-12,101,28.66517527319192,79.23348697622541,Sunny,422.8283615466812
2023-12-13,388,16.522617189806002,76.86940332485594,Cloudy,178.09624118259683
2023-12-14,416,32.02413828097538,32.158686789850584,Sunny,238.13678089795513
2023-12-15,193,24.902930540279485,38.24074078647186,Stormy,234.2441817079371
2023-12-16,422,24.61173154653296,36.58643867272809,Cloudy,491.4101873556562
2023-12-17,118,26.84815569319035,66.29899549926478,Stormy,442.6148894991707
2023-12-18,148,31.493619318502983,70.88926649284726,Rainy,380.4679446361039
2023-12-19,445,21.95618415804386,40.675568315533596,Rainy,390.82270464615607
2023-12-20,74,28.56032305118127,55.29263464759145,Stormy,324.82911776102844
2023-12-21,485,26.314639279915824,72.03515140056,Cloudy,478.83626684340766
2023-12-22,428,20.340565403388425,66.64007723831253,Cloudy,298.50350115294464
2023-12-23,102,32.57259972710316,57.111860274592416,Sunny,252.2070839479578
2023-12-24,200,30.94852043213856,59.51738452293864,Rainy,165.21413477263638
2023-12-25,193,28.169036693168508,55.418027345814,Sunny,414.4822609044232
2023-12-26,106,32.011634581884834,44.87742256594103,Sunny,393.7775728302366
2023-12-27,88,32.34588401919605,58.251099642950805,Stormy,253.74201540965396
2023-12-28,158,29.167259534300698,64.44426510250453,Stormy,110.07736558369174
2023-12-29,230,31.74026656727344,73.66614579304039,Sunny,435.5989310872043
2023-12-30,91,28.949429233385672,61.814567698962406,Rainy,104.56719338162945
2023-12-31,235,28.602815435206008,68.0560768521579,Stormy,381.4799118516204
